"Country","Year","Infants exclusively breastfed for the first six months of life (%)"
"Afghanistan","2015","43.3"
"Albania","2008-2009","38.6"
"Albania","2006","39.5"
"Albania","2005","2.3"
"Albania","2000","6.3"
"Algeria","2012-2013","25.7"
"Algeria","2006","6.9"
"Algeria","2000","12.6"
"Argentina","2011-2012","32.7"
"Armenia","2010","34.6"
"Armenia","2005","32.5"
"Armenia","2000","30.0"
"Austria","2005-2006","10.0"
"Azerbaijan","2013","12.1"
"Azerbaijan","2006","11.8"
"Azerbaijan","2000","7.3"
"Bahrain","1995","33.8"
"Bangladesh","2014","55.3"
"Bangladesh","2013","59.7"
"Bangladesh","2011","64.1"
"Bangladesh","2007","42.9"
"Bangladesh","2006","37.4"
"Bangladesh","2004","42.0"
"Bangladesh","1999-2000","46.1"
"Bangladesh","1996-1997","45.1"
"Bangladesh","1993-1994","45.8"
"Barbados","2012","19.7"
"Belarus","2012","19.0"
"Belarus","2005","9.0"
"Belgium","2012","12.0"
"Belize","2011","14.7"
"Belize","2006","10.2"
"Benin","2014","41.4"
"Benin","2011-2012","32.5"
"Benin","2006","43.1"
"Benin","2001","37.9"
"Benin","1996","10.0"
"Bhutan","2015","51.4"
"Bhutan","2010","48.7"
"Bolivia (Plurinational State of)","2012","64.3"
"Bolivia (Plurinational State of)","2008","60.4"
"Bolivia (Plurinational State of)","2003","53.6"
"Bolivia (Plurinational State of)","2000","38.6"
"Bolivia (Plurinational State of)","1998","50.3"
"Bolivia (Plurinational State of)","1994","43.1"
"Bolivia (Plurinational State of)","1989","50.5"
"Bosnia and Herzegovina","2011-2012","18.5"
"Bosnia and Herzegovina","2005","17.6"
"Bosnia and Herzegovina","1999","5.5"
"Botswana","2007","20.3"
"Botswana","2000","33.7"
"Brazil","2006","38.6"
"Brazil","1986","2.4"
"Burkina Faso","2014","50.1"
"Burkina Faso","2013","47.2"
"Burkina Faso","2012","38.2"
"Burkina Faso","2010-2011","24.8"
"Burkina Faso","2009","16.0"
"Burkina Faso","2006","6.8"
"Burkina Faso","2003","18.8"
"Burkina Faso","1998-1999","6.1"
"Burkina Faso","1992-1993","3.1"
"Burundi","2010","69.3"
"Burundi","2005","44.7"
"Burundi","2000","61.5"
"Burundi","1987","77.1"
"Cabo Verde","2005","59.6"
"Cabo Verde","1998","38.9"
"Cambodia","2014","65.2"
"Cambodia","2010","73.5"
"Cambodia","2008","65.9"
"Cambodia","2005","60.0"
"Cambodia","2000","11.7"
"Cambodia","1998","11.1"
"Cameroon","2014","28.2"
"Cameroon","2011","20.4"
"Cameroon","2006","21.2"
"Cameroon","2004","23.5"
"Cameroon","1998","12.0"
"Cameroon","1991","6.5"
"Central African Republic","2010","34.3"
"Central African Republic","2006","23.1"
"Central African Republic","2000","16.9"
"Central African Republic","1994-1995","3.3"
"Chad","2014-2015","0.3"
"Chad","2010","3.4"
"Chad","2004","2.0"
"Chad","1996-1997","1.8"
"China","2008","27.6"
"Colombia","2010","42.8"
"Colombia","2005","46.8"
"Colombia","2000","25.9"
"Colombia","1995","11.5"
"Colombia","1990","11.4"
"Colombia","1986","15.4"
"Comoros","2012","12.1"
"Comoros","2000","20.8"
"Comoros","1996","3.2"
"Congo","2014-2015","32.9"
"Congo","2011-2012","20.5"
"Congo","2005","19.1"
"Costa Rica","2011","32.5"
"Côte d'Ivoire","2011-2012","12.1"
"Côte d'Ivoire","2006","4.3"
"Côte d'Ivoire","2003-2004","5.4"
"Côte d'Ivoire","2000","9.9"
"Côte d'Ivoire","1998-1999","3.5"
"Côte d'Ivoire","1994","3.0"
"Croatia","1996","23.3"
"Cuba","2014","33.2"
"Cuba","2010-2011","48.6"
"Cuba","2006","26.4"
"Cuba","2000","41.2"
"Cyprus","2004","12.0"
"Czechia","2011","18.0"
"Democratic People's Republic of Korea","2012","68.9"
"Democratic People's Republic of Korea","2004","65.1"
"Democratic Republic of the Congo","2013-2014","47.6"
"Democratic Republic of the Congo","2010","37.0"
"Democratic Republic of the Congo","2007","36.1"
"Democratic Republic of the Congo","2001","24.2"
"Democratic Republic of the Congo","1995","23.8"
"Denmark","2012","17.0"
"Djibouti","2006","1.3"
"Dominican Republic","2014","4.7"
"Dominican Republic","2013","6.7"
"Dominican Republic","2009-2010","8.0"
"Dominican Republic","2007","7.8"
"Dominican Republic","2006","4.1"
"Dominican Republic","2002","10.4"
"Dominican Republic","2000","11.0"
"Dominican Republic","1999","15.4"
"Dominican Republic","1996","18.8"
"Dominican Republic","1991","7.3"
"Dominican Republic","1986","10.9"
"Ecuador","2004","39.6"
"Ecuador","1999","34.8"
"Ecuador","1994","28.6"
"Ecuador","1987","25.7"
"Egypt","2014","39.7"
"Egypt","2008","53.2"
"Egypt","2005","38.3"
"Egypt","2003","30.3"
"Egypt","2000","57.0"
"Egypt","1995","56.1"
"Egypt","1992","46.4"
"El Salvador","2014","47.0"
"El Salvador","2008","31.4"
"El Salvador","2003","24.0"
"El Salvador","1998","15.6"
"El Salvador","1993","14.9"
"Equatorial Guinea","2011","7.4"
"Equatorial Guinea","2000","23.5"
"Eritrea","2010","68.7"
"Eritrea","2002","52.0"
"Eritrea","1995","59.0"
"Ethiopia","2011","52.0"
"Ethiopia","2005","49.0"
"Ethiopia","2000","54.2"
"Fiji","2004","39.8"
"Finland","2011","1.0"
"Gabon","2012","6.0"
"Gabon","2000","6.2"
"Gambia","2013","46.8"
"Gambia","2010","33.5"
"Gambia","2006","40.8"
"Gambia","2000","26.3"
"Georgia","2009","54.8"
"Georgia","2005","10.9"
"Ghana","2014","52.3"
"Ghana","2011","45.7"
"Ghana","2008","62.8"
"Ghana","2006","54.4"
"Ghana","2003","53.4"
"Ghana","1998","31.1"
"Ghana","1993","7.2"
"Ghana","1988","3.8"
"Greece","2009","1.0"
"Grenada","1998","39.0"
"Guatemala","2014-2015","53.2"
"Guatemala","2008-2009","49.6"
"Guatemala","2002","50.6"
"Guatemala","1998","38.8"
"Guatemala","1995","46.1"
"Guinea","2012","20.5"
"Guinea","2005","27.0"
"Guinea","2003","22.8"
"Guinea","1999","11.3"
"Guinea-Bissau","2014","52.5"
"Guinea-Bissau","2010","38.3"
"Guinea-Bissau","2006","16.1"
"Guinea-Bissau","2000","36.5"
"Guyana","2014","23.3"
"Guyana","2009","33.2"
"Guyana","2006","21.4"
"Guyana","2000","10.6"
"Haiti","2012","39.7"
"Haiti","2005-2006","40.7"
"Haiti","2000","24.3"
"Haiti","1994","2.5"
"Honduras","2011-2012","31.2"
"Honduras","2005-2006","29.7"
"Honduras","2001","34.9"
"Hungary","2007","44.0"
"Iceland","2011","13.0"
"India","2013","64.9"
"India","2005-2006","46.4"
"India","1998-1999","46.2"
"India","1992-1993","43.5"
"Indonesia","2012","41.5"
"Indonesia","2007","32.4"
"Indonesia","2002-2003","39.5"
"Indonesia","1997","42.4"
"Indonesia","1994","37.1"
"Indonesia","1991","45.0"
"Iran (Islamic Republic of)","2010-2011","53.1"
"Iran (Islamic Republic of)","2000","44.1"
"Iraq","2011","19.6"
"Iraq","2006","25.1"
"Iraq","2000","12.3"
"Israel","1998-1999","11.0"
"Italy","1999","5.0"
"Jamaica","2011","23.8"
"Jamaica","2005","15.2"
"Jordan","2012","22.7"
"Jordan","2007","21.8"
"Jordan","2002","26.7"
"Jordan","1997","10.9"
"Jordan","1990","24.6"
"Kazakhstan","2010-2011","31.8"
"Kazakhstan","2006","16.8"
"Kazakhstan","1999","35.8"
"Kazakhstan","1995","9.6"
"Kenya","2014","61.4"
"Kenya","2008-2009","31.9"
"Kenya","2003","12.7"
"Kenya","1998","12.4"
"Kenya","1993","12.3"
"Kenya","1989","22.9"
"Kiribati","2009","69.0"
"Kuwait","1996","11.9"
"Kyrgyzstan","2014","41.1"
"Kyrgyzstan","2012","56.1"
"Kyrgyzstan","2005-2006","31.5"
"Kyrgyzstan","1997","24.0"
"Lao People's Democratic Republic","2011","40.4"
"Lao People's Democratic Republic","2006","26.4"
"Lao People's Democratic Republic","2000","22.6"
"Latvia","2011","16.0"
"Lebanon","2000","26.6"
"Lesotho","2014","66.9"
"Lesotho","2009","53.5"
"Lesotho","2004","36.4"
"Lesotho","2000","14.6"
"Lesotho","1996","16.3"
"Liberia","2013","55.2"
"Liberia","2007","29.1"
"Liberia","1999-2000","35.4"
"Liberia","1986","12.4"
"Luxembourg","2008","6.0"
"Madagascar","2012-2013","41.9"
"Madagascar","2008-2009","50.7"
"Madagascar","2003-2004","67.2"
"Madagascar","2000","41.2"
"Madagascar","1997","47.7"
"Madagascar","1992","37.8"
"Malawi","2015-2016","61.2"
"Malawi","2014","70.2"
"Malawi","2010","71.4"
"Malawi","2006","56.7"
"Malawi","2004","52.8"
"Malawi","2000","44.1"
"Malaysia","1996","29.0"
"Maldives","2009","47.8"
"Mali","2006","37.8"
"Mali","2001","25.1"
"Mali","1995-1996","8.3"
"Mali","1987","8.5"
"Malta","2004-2005","36.0"
"Marshall Islands","2007","31.3"
"Mauritania","2011","26.9"
"Mauritania","2007","11.4"
"Mauritania","2000-2001","20.4"
"Mauritius","2002","21.0"
"Mexico","2012","14.4"
"Mexico","1999","20.3"
"Mexico","1987","27.9"
"Micronesia (Federated States of)","1999","60.0"
"Mongolia","2013","47.1"
"Mongolia","2010","65.7"
"Mongolia","2005","57.2"
"Mongolia","2000","51.4"
"Montenegro","2013","16.8"
"Montenegro","2005","19.3"
"Morocco","2010-2011","27.8"
"Morocco","2003-2004","31.0"
"Morocco","1995","24.8"
"Morocco","1992","50.3"
"Morocco","1987","36.7"
"Mozambique","2013","41.0"
"Mozambique","2011","42.8"
"Mozambique","2008","36.8"
"Mozambique","2003","30.0"
"Mozambique","1997","30.2"
"Myanmar","2009-2010","23.6"
"Myanmar","2000","11.2"
"Namibia","2013","48.5"
"Namibia","2006-2007","23.9"
"Namibia","2000","18.6"
"Namibia","1992","14.4"
"Nauru","2007","67.2"
"Nepal","2014","56.9"
"Nepal","2011","69.6"
"Nepal","2006","53.0"
"Nepal","2001","68.3"
"Nepal","1996","73.9"
"Netherlands","2010","18.0"
"Nicaragua","2011-2012","31.7"
"Nicaragua","2006-2007","30.6"
"Nicaragua","2001","31.1"
"Nicaragua","1997-1998","21.8"
"Niger","2012","23.3"
"Niger","2010","26.9"
"Niger","2009","9.9"
"Niger","2008","4.4"
"Niger","2007","9.0"
"Niger","2006","13.5"
"Niger","2000","1.2"
"Niger","1998","0.8"
"Niger","1992","3.3"
"Nigeria","2013","17.4"
"Nigeria","2011","15.1"
"Nigeria","2008","13.1"
"Nigeria","2007","11.7"
"Nigeria","2003","17.2"
"Nigeria","1999","17.1"
"Nigeria","1990","1.0"
"Norway","2003","7.0"
"Oman","2014","32.8"
"Pakistan","2013","37.7"
"Pakistan","2006-2007","37.1"
"Pakistan","1990-1991","19.0"
"Panama","2013","21.5"
"Panama","1995-1996","25.0"
"Papua New Guinea","2006","56.1"
"Papua New Guinea","1996","58.8"
"Paraguay","2008","24.4"
"Paraguay","2004","21.9"
"Paraguay","1990","4.8"
"Peru","2014","68.4"
"Peru","2013","72.3"
"Peru","2012","67.6"
"Peru","2011","70.6"
"Peru","2010","68.3"
"Peru","2009","69.9"
"Peru","2008","65.7"
"Peru","2007","68.7"
"Peru","2006","62.7"
"Peru","2005","64.5"
"Peru","2004","60.5"
"Peru","2000","67.2"
"Peru","1996","52.7"
"Peru","1991-1992","33.3"
"Peru","1986","27.6"
"Philippines","2008","34.0"
"Philippines","2003","33.5"
"Philippines","1998","37.0"
"Philippines","1993","25.5"
"Portugal","2003","34.0"
"Qatar","2012","29.3"
"Republic of Moldova","2012","36.4"
"Republic of Moldova","2005","45.5"
"Romania","2004","15.8"
"Rwanda","2014-2015","87.3"
"Rwanda","2010","84.9"
"Rwanda","2005","88.4"
"Rwanda","2000","82.5"
"Rwanda","1992","83.3"
"Samoa","2009","51.3"
"Sao Tome and Principe","2014","73.8"
"Sao Tome and Principe","2008-2009","51.4"
"Sao Tome and Principe","2006","60.4"
"Sao Tome and Principe","2000","56.2"
"Senegal","2015","33.3"
"Senegal","2014","33.0"
"Senegal","2012-2013","37.5"
"Senegal","2010-2011","39.0"
"Senegal","2005","34.1"
"Senegal","1997","11.7"
"Senegal","1992-1993","5.9"
"Senegal","1986","4.6"
"Serbia","2014","12.8"
"Serbia","2010","13.7"
"Serbia","2005","15.1"
"Sierra Leone","2013","32.0"
"Sierra Leone","2010","31.6"
"Sierra Leone","2008","11.2"
"Sierra Leone","2005","7.9"
"Sierra Leone","2000","4.1"
"Slovakia","2010","49.0"
"Solomon Islands","2007","73.7"
"Somalia","2009","5.3"
"Somalia","2006","9.1"
"Somalia","2000","9.0"
"South Africa","2003","8.3"
"South Africa","1998","6.9"
"South Sudan","2010","45.1"
"Spain","2011-2012","29.0"
"Sri Lanka","2006-2007","75.8"
"Sri Lanka","2000","52.6"
"Sri Lanka","1993","17.1"
"Sri Lanka","1987","10.4"
"Sudan","2014","55.4"
"Sudan","2010","41.0"
"Suriname","2010","2.8"
"Suriname","2006","2.2"
"Suriname","2000","8.7"
"Swaziland","2014","63.8"
"Swaziland","2010","44.1"
"Swaziland","2008","32.7"
"Swaziland","2006-2007","32.3"
"Swaziland","2000","23.9"
"Sweden","2011","14.0"
"Syrian Arab Republic","2009","42.6"
"Syrian Arab Republic","2006","28.7"
"Tajikistan","2012","34.3"
"Tajikistan","2005","25.4"
"Tajikistan","2000","14.1"
"Thailand","2012","12.3"
"Thailand","2009","15.1"
"Thailand","2005-2006","5.4"
"Thailand","1995","3.6"
"The former Yugoslav republic of Macedonia","2011","23.0"
"The former Yugoslav republic of Macedonia","2005","16.2"
"Timor-Leste","2013","62.3"
"Timor-Leste","2009-2010","51.5"
"Timor-Leste","2003","30.7"
"Togo","2013-2014","57.5"
"Togo","2010","62.4"
"Togo","2008","48.2"
"Togo","2006","28.4"
"Togo","2000","17.9"
"Togo","1998","10.3"
"Togo","1988","14.0"
"Tonga","2012","52.2"
"Tonga","1999","62.0"
"Trinidad and Tobago","2006","12.8"
"Trinidad and Tobago","2000","2.3"
"Tunisia","2011-2012","8.5"
"Tunisia","2006","6.2"
"Tunisia","1988","17.9"
"Turkey","2013","30.1"
"Turkey","2008","41.6"
"Turkey","2003","20.8"
"Turkey","1998","7.0"
"Turkey","1993","10.7"
"Turkmenistan","2006","10.9"
"Turkmenistan","2000","12.7"
"Tuvalu","2007","34.7"
"Uganda","2011","63.2"
"Uganda","2006","60.1"
"Uganda","2000-2001","63.2"
"Uganda","1995","56.7"
"Uganda","1988-1989","66.8"
"Ukraine","2012","19.7"
"Ukraine","2007","18.2"
"Ukraine","2005","6.0"
"Ukraine","1999","22.2"
"United Arab Emirates","1995","34.0"
"United Kingdom of Great Britain and Northern Ireland","2010","1.0"
"United Republic of Tanzania","2015-2016","59.2"
"United Republic of Tanzania","2014","41.1"
"United Republic of Tanzania","2010","49.8"
"United Republic of Tanzania","2004-2005","41.3"
"United Republic of Tanzania","1999","31.8"
"United Republic of Tanzania","1996","28.9"
"United Republic of Tanzania","1991-1992","23.2"
"United States of America","2013","22.3"
"Uzbekistan","2006","26.4"
"Uzbekistan","2002","18.9"
"Uzbekistan","2000","16.2"
"Uzbekistan","1996","2.5"
"Vanuatu","2013","72.6"
"Vanuatu","2007","40.0"
"Venezuela (Bolivarian Republic of)","1998","7.1"
"Viet Nam","2014","24.3"
"Viet Nam","2011","17.0"
"Viet Nam","2006","16.9"
"Viet Nam","2005","12.2"
"Viet Nam","2002","15.4"
"Viet Nam","2000","23.0"
"Viet Nam","1997","16.8"
"West Bank and Gaza Strip","2014","38.6"
"Yemen","2013","10.3"
"Yemen","2003","11.5"
"Yemen","1997","17.8"
"Yemen","1991-1992","13.1"
"Zambia","2013-2014","72.5"
"Zambia","2007","60.9"
"Zambia","2001-2002","40.1"
"Zambia","1999","26.7"
"Zambia","1996","19.3"
"Zambia","1992","10.2"
"Zimbabwe","2015","47.8"
"Zimbabwe","2014","41.0"
"Zimbabwe","2010-2011","31.4"
"Zimbabwe","2009","25.9"
"Zimbabwe","2005-2006","22.2"
"Zimbabwe","1999","31.7"
"Zimbabwe","1994","11.2"
"Zimbabwe","1988","9.7"
